Date,Polarity
16/08/2019 12:00,0
16/08/2019 12:00,-0.390625
16/08/2019 12:00,-0.155555556
16/08/2019 12:00,0.625
16/08/2019 12:00,0.041666667
16/08/2019 12:00,0
16/08/2019 12:00,-0.125
16/08/2019 12:00,0
16/08/2019 12:00,0.433333333
16/08/2019 12:00,0.375
16/08/2019 12:00,0.141666667
16/08/2019 12:00,-0.4
16/08/2019 12:00,0.25
16/08/2019 12:00,0.133333333
16/08/2019 12:00,0.416666667
16/08/2019 12:00,0.066666667
16/08/2019 12:00,0
16/08/2019 12:00,0
16/08/2019 12:00,0
16/08/2019 12:00,0.9
16/08/2019 15:00,-0.1
16/08/2019 15:00,0
16/08/2019 15:00,0
16/08/2019 15:00,0.125
16/08/2019 15:00,0.7
16/08/2019 15:00,0
16/08/2019 15:00,0
16/08/2019 15:00,-0.25
16/08/2019 15:00,0
16/08/2019 15:00,0
16/08/2019 15:00,0
16/08/2019 15:00,0.233333333
16/08/2019 15:00,0.15
16/08/2019 15:00,0
16/08/2019 15:00,0.4
16/08/2019 15:00,-0.083333333
16/08/2019 15:00,0
16/08/2019 15:00,0.113846154
16/08/2019 15:00,0
16/08/2019 15:00,0.2
16/08/2019 18:00,0
16/08/2019 18:00,0.175
16/08/2019 18:00,-0.104166667
16/08/2019 18:00,-0.2
16/08/2019 18:00,0
16/08/2019 18:00,0.136363636
16/08/2019 18:00,0.2
16/08/2019 18:00,0.236011905
16/08/2019 18:00,0
16/08/2019 18:00,0
16/08/2019 18:00,0
16/08/2019 18:00,0
16/08/2019 18:00,0.516666667
16/08/2019 18:00,0.475
16/08/2019 18:00,0.136363636
16/08/2019 18:00,0.516666667
16/08/2019 18:00,-1
16/08/2019 18:00,0
16/08/2019 18:00,0.466666667
16/08/2019 18:00,0
16/08/2019 21:00,0
16/08/2019 21:00,-1
16/08/2019 21:00,0
16/08/2019 21:00,0.2
16/08/2019 21:00,0.4
16/08/2019 21:00,0.2
16/08/2019 21:00,0.333333333
16/08/2019 21:00,-0.666666667
16/08/2019 21:00,0
16/08/2019 21:00,-0.2
16/08/2019 21:00,0.8
16/08/2019 21:00,0.2
16/08/2019 21:00,0
16/08/2019 21:00,0
16/08/2019 21:00,0.5
16/08/2019 21:00,0
16/08/2019 21:00,0
16/08/2019 21:00,0.142857143
16/08/2019 21:00,0
16/08/2019 21:00,0.3
17/08/2019 00:00,-0.6
17/08/2019 00:00,0
17/08/2019 00:00,-0.5
17/08/2019 00:00,0.5
17/08/2019 00:00,0.566666667
17/08/2019 00:00,-0.155555556
17/08/2019 00:00,0
17/08/2019 00:00,0.008333333
17/08/2019 00:00,0
17/08/2019 00:00,0
17/08/2019 00:00,0.35
17/08/2019 00:00,-0.333333333
17/08/2019 00:00,0.35
17/08/2019 00:00,1
17/08/2019 00:00,0
17/08/2019 00:00,0
17/08/2019 00:00,0
17/08/2019 00:00,0
17/08/2019 00:00,0.6
17/08/2019 00:00,0
17/08/2019 03:00,0.378787879
17/08/2019 03:00,0
17/08/2019 03:00,0.125
17/08/2019 03:00,0.268181818
17/08/2019 03:00,0
17/08/2019 03:00,0.5
17/08/2019 03:00,0
17/08/2019 03:00,0.5
17/08/2019 03:00,-0.5
17/08/2019 03:00,0.25
17/08/2019 03:00,0
17/08/2019 03:00,0.25
17/08/2019 03:00,0
17/08/2019 03:00,1
17/08/2019 03:00,0.1
17/08/2019 03:00,0.357142857
17/08/2019 03:00,0
17/08/2019 03:00,-0.25
17/08/2019 03:00,0.266666667
17/08/2019 03:00,0
17/08/2019 06:00,0.166666667
17/08/2019 06:00,-0.104166667
17/08/2019 06:00,-0.8
17/08/2019 06:00,0.7
17/08/2019 06:00,0.375
17/08/2019 06:00,0.125
17/08/2019 06:00,0.136363636
17/08/2019 06:00,0
17/08/2019 06:00,0
17/08/2019 06:00,0.65
17/08/2019 06:00,0
17/08/2019 06:00,0.35
17/08/2019 06:00,0
17/08/2019 06:00,0.15
17/08/2019 06:00,0.3
17/08/2019 06:00,0
17/08/2019 06:00,0.4
17/08/2019 06:00,0
17/08/2019 06:00,0
17/08/2019 06:00,0.25
17/08/2019 09:00,0.1
17/08/2019 09:00,-0.5
17/08/2019 09:00,0.534090909
17/08/2019 09:00,-0.155555556
17/08/2019 09:00,0.35
17/08/2019 09:00,0.55
17/08/2019 09:00,0.6
17/08/2019 09:00,0
17/08/2019 09:00,0.5
17/08/2019 09:00,0
17/08/2019 09:00,0.395833333
17/08/2019 09:00,0
17/08/2019 09:00,0
17/08/2019 09:00,0
17/08/2019 09:00,0
17/08/2019 09:00,0.8
17/08/2019 09:00,0.572537879
17/08/2019 09:00,0
17/08/2019 09:00,0
17/08/2019 09:00,0.1
17/08/2019 12:00,0.75
17/08/2019 12:00,0
17/08/2019 12:00,0
17/08/2019 12:00,0.022222222
17/08/2019 12:00,-0.25
17/08/2019 12:00,0
17/08/2019 12:00,-0.3
17/08/2019 12:00,0
17/08/2019 12:00,0.208333333
17/08/2019 12:00,0
17/08/2019 12:00,0
17/08/2019 12:00,0
17/08/2019 12:00,0
17/08/2019 12:00,0
17/08/2019 12:00,-0.4
17/08/2019 12:00,0
17/08/2019 12:00,0.4375
17/08/2019 12:00,-0.0625
17/08/2019 12:00,0.2
17/08/2019 12:00,0.416666667
17/08/2019 15:00,0
17/08/2019 15:00,-0.025
17/08/2019 15:00,0
17/08/2019 15:00,1
17/08/2019 15:00,-0.15
17/08/2019 15:00,-0.2
17/08/2019 15:00,-0.066666667
17/08/2019 15:00,-0.714285714
17/08/2019 15:00,3.70E-17
17/08/2019 15:00,-0.4
17/08/2019 15:00,0
17/08/2019 15:00,0.25
17/08/2019 15:00,0
17/08/2019 15:00,0
17/08/2019 15:00,0
17/08/2019 15:00,0
17/08/2019 15:00,0.5
17/08/2019 15:00,0
17/08/2019 15:00,0.366666667
17/08/2019 15:00,0.25
17/08/2019 18:00,-0.244444444
17/08/2019 18:00,-0.833333333
17/08/2019 18:00,0
17/08/2019 18:00,0
17/08/2019 18:00,0.166666667
17/08/2019 18:00,0.75
17/08/2019 18:00,0
17/08/2019 18:00,0.268181818
17/08/2019 18:00,0
17/08/2019 18:00,-0.05
17/08/2019 18:00,0.390625
17/08/2019 18:00,0.068181818
17/08/2019 18:00,-0.05
17/08/2019 18:00,0
17/08/2019 18:00,0.25
17/08/2019 18:00,0.4
17/08/2019 18:00,0.6
17/08/2019 18:00,0
17/08/2019 18:00,0.8
17/08/2019 18:00,-0.3125
17/08/2019 21:00,0.7
17/08/2019 21:00,0.5
17/08/2019 21:00,0.2
17/08/2019 21:00,-0.5
17/08/2019 21:00,0.2
17/08/2019 21:00,0
17/08/2019 21:00,0
17/08/2019 21:00,0.136363636
17/08/2019 21:00,0.077777778
17/08/2019 21:00,0
17/08/2019 21:00,0
17/08/2019 21:00,0.045454545
17/08/2019 21:00,0
17/08/2019 21:00,0
17/08/2019 21:00,0.8
17/08/2019 21:00,0
17/08/2019 21:00,0.5
17/08/2019 21:00,0
17/08/2019 21:00,0
17/08/2019 21:00,0.35
18/08/2019 00:00,0.2
18/08/2019 00:00,0
18/08/2019 00:00,0
18/08/2019 00:00,0
18/08/2019 00:00,0
18/08/2019 00:00,0.4
18/08/2019 00:00,0.6
18/08/2019 00:00,1
18/08/2019 00:00,1
18/08/2019 00:00,-0.5
18/08/2019 00:00,0
18/08/2019 00:00,0
18/08/2019 00:00,0.136363636
18/08/2019 00:00,0
18/08/2019 00:00,0
18/08/2019 00:00,0
18/08/2019 00:00,0
18/08/2019 00:00,0.4
18/08/2019 00:00,0
18/08/2019 00:00,-0.1
18/08/2019 09:00,1
18/08/2019 09:00,0.2
18/08/2019 09:00,-0.5
18/08/2019 09:00,-0.4
18/08/2019 09:00,0
18/08/2019 09:00,0.7
18/08/2019 09:00,0
18/08/2019 09:00,-0.125
18/08/2019 09:00,0
18/08/2019 09:00,0
18/08/2019 09:00,0.7
18/08/2019 09:00,0
18/08/2019 09:00,-0.1953125
18/08/2019 09:00,-0.25
18/08/2019 09:00,-0.125
18/08/2019 09:00,0.475
18/08/2019 09:00,0.5
18/08/2019 09:00,-0.071428571
18/08/2019 09:00,0.136363636
18/08/2019 09:00,0.366071429
18/08/2019 12:00,0
18/08/2019 12:00,0.8
18/08/2019 12:00,0.3
18/08/2019 12:00,0
18/08/2019 12:00,0
18/08/2019 12:00,0
18/08/2019 12:00,0
18/08/2019 12:00,0.0875
18/08/2019 12:00,-0.5
18/08/2019 12:00,-0.3125
18/08/2019 12:00,0.214285714
18/08/2019 12:00,0
18/08/2019 12:00,0.6
18/08/2019 12:00,0.4
18/08/2019 12:00,-0.125
18/08/2019 12:00,0
18/08/2019 12:00,-0.07
18/08/2019 12:00,0.5
18/08/2019 12:00,0.78125
18/08/2019 12:00,0.027777778
18/08/2019 15:00,0.8
18/08/2019 15:00,0
18/08/2019 15:00,0
18/08/2019 15:00,0
18/08/2019 15:00,-0.025
18/08/2019 15:00,0
18/08/2019 15:00,0
18/08/2019 15:00,0.033333333
18/08/2019 15:00,0
18/08/2019 15:00,-0.166666667
18/08/2019 15:00,0
18/08/2019 15:00,-0.8
18/08/2019 15:00,0
18/08/2019 15:00,0.2
18/08/2019 15:00,0.233333333
18/08/2019 15:00,0.279166667
18/08/2019 15:00,0
18/08/2019 15:00,-0.213333333
18/08/2019 15:00,0
18/08/2019 15:00,0
18/08/2019 18:00,-0.25
18/08/2019 18:00,0
18/08/2019 18:00,0
18/08/2019 18:00,0.375
18/08/2019 18:00,-0.65
18/08/2019 18:00,0.5
18/08/2019 18:00,0
18/08/2019 18:00,0
18/08/2019 18:00,0
18/08/2019 18:00,0
18/08/2019 18:00,0
18/08/2019 18:00,0
18/08/2019 18:00,0
18/08/2019 18:00,0
18/08/2019 18:00,0.2
18/08/2019 18:00,0
18/08/2019 18:00,0
18/08/2019 18:00,0.133333333
18/08/2019 18:00,0.35
18/08/2019 18:00,0
18/08/2019 21:00,0.25
18/08/2019 21:00,0
18/08/2019 21:00,0
18/08/2019 21:00,0.25
18/08/2019 21:00,0
18/08/2019 21:00,0.2
18/08/2019 21:00,0.3125
18/08/2019 21:00,0.35
18/08/2019 21:00,-0.0625
18/08/2019 21:00,0
18/08/2019 21:00,0.2
18/08/2019 21:00,0.5
18/08/2019 21:00,0.136363636
18/08/2019 21:00,0
18/08/2019 21:00,0.045454545
18/08/2019 21:00,0
18/08/2019 21:00,0.337121212
18/08/2019 21:00,0
18/08/2019 21:00,0.168181818
18/08/2019 21:00,-0.2
19/08/2019 00:00,0
19/08/2019 00:00,-0.0225
19/08/2019 00:00,0.125
19/08/2019 00:00,0
19/08/2019 00:00,0
19/08/2019 00:00,0.45
19/08/2019 00:00,0
19/08/2019 00:00,0
19/08/2019 00:00,0.8
19/08/2019 00:00,0
19/08/2019 00:00,0
19/08/2019 00:00,0
19/08/2019 00:00,0.035714286
19/08/2019 00:00,0
19/08/2019 00:00,0
19/08/2019 00:00,0
19/08/2019 00:00,-0.00625
19/08/2019 00:00,0.5
19/08/2019 00:00,0.55
19/08/2019 00:00,0
19/08/2019 09:00,0.357142857
19/08/2019 09:00,0.1
19/08/2019 09:00,0.2
19/08/2019 09:00,-0.291666667
19/08/2019 09:00,-0.483333333
19/08/2019 09:00,0.033333333
19/08/2019 09:00,0
19/08/2019 09:00,0.166666667
19/08/2019 09:00,0.375
19/08/2019 09:00,-0.025
19/08/2019 09:00,-0.1
19/08/2019 09:00,0.383333333
19/08/2019 09:00,0
19/08/2019 09:00,0.1
19/08/2019 09:00,0.1
19/08/2019 09:00,0
19/08/2019 09:00,0
19/08/2019 09:00,0
19/08/2019 09:00,0
19/08/2019 09:00,-0.6
19/08/2019 12:00,0.318181818
19/08/2019 12:00,0.2
19/08/2019 12:00,-0.2
19/08/2019 12:00,0.5
19/08/2019 12:00,0.285714286
19/08/2019 12:00,0
19/08/2019 12:00,0.208333333
19/08/2019 12:00,0
19/08/2019 12:00,0.4
19/08/2019 12:00,0
19/08/2019 12:00,0
19/08/2019 12:00,-0.175
19/08/2019 12:00,0.25
19/08/2019 12:00,0
19/08/2019 12:00,0
19/08/2019 12:00,0.6
19/08/2019 12:00,-0.166666667
19/08/2019 12:00,0
19/08/2019 12:00,0.5
19/08/2019 12:00,-0.071428571
19/08/2019 15:00,0.068181818
19/08/2019 15:00,0.033333333
19/08/2019 15:00,-0.05
19/08/2019 15:00,0
19/08/2019 15:00,0.2
19/08/2019 15:00,0
19/08/2019 15:00,0
19/08/2019 15:00,0
19/08/2019 15:00,0
19/08/2019 15:00,0
19/08/2019 15:00,0
19/08/2019 15:00,0.25
19/08/2019 15:00,0
19/08/2019 15:00,0.8
19/08/2019 15:00,0.1375
19/08/2019 15:00,0.625
19/08/2019 15:00,0
19/08/2019 15:00,-0.05
19/08/2019 15:00,0.1375
19/08/2019 15:00,0
19/08/2019 18:00,0
19/08/2019 18:00,0.416666667
19/08/2019 18:00,0.3
19/08/2019 18:00,0
19/08/2019 18:00,0.107142857
19/08/2019 18:00,0.125
19/08/2019 18:00,0
19/08/2019 18:00,-0.533333333
19/08/2019 18:00,0.4
19/08/2019 18:00,0
19/08/2019 18:00,0
19/08/2019 18:00,-0.033333333
19/08/2019 18:00,0
19/08/2019 18:00,-0.0125
19/08/2019 18:00,0
19/08/2019 18:00,0
19/08/2019 18:00,0
19/08/2019 18:00,0.8
19/08/2019 18:00,0.6
19/08/2019 18:00,-0.15
19/08/2019 21:00,0
19/08/2019 21:00,0
19/08/2019 21:00,0
19/08/2019 21:00,0
19/08/2019 21:00,-0.5
19/08/2019 21:00,-0.2
19/08/2019 21:00,0
19/08/2019 21:00,0
19/08/2019 21:00,0
19/08/2019 21:00,0.2
19/08/2019 21:00,0
19/08/2019 21:00,0.466666667
19/08/2019 21:00,0
19/08/2019 21:00,0
19/08/2019 21:00,0
19/08/2019 21:00,0
19/08/2019 21:00,0.5
19/08/2019 21:00,0.1875
19/08/2019 21:00,0
19/08/2019 21:00,1
20/08/2019 00:00,0
20/08/2019 00:00,0.5
20/08/2019 00:00,0.6
20/08/2019 00:00,0
20/08/2019 00:00,0
20/08/2019 00:00,0
20/08/2019 00:00,0
20/08/2019 00:00,0.7
20/08/2019 00:00,0
20/08/2019 00:00,0.5
20/08/2019 00:00,0.915527344
20/08/2019 00:00,0
20/08/2019 00:00,0.298701299
20/08/2019 00:00,0
20/08/2019 00:00,0
20/08/2019 00:00,0
20/08/2019 00:00,-0.004545455
20/08/2019 00:00,0.5
20/08/2019 00:00,0
20/08/2019 00:00,0.1
20/08/2019 03:00,-0.25
20/08/2019 03:00,-0.2
20/08/2019 03:00,0
20/08/2019 03:00,0
20/08/2019 03:00,0
20/08/2019 03:00,-0.433333333
20/08/2019 03:00,-0.2
20/08/2019 03:00,0.116666667
20/08/2019 03:00,0
20/08/2019 03:00,0
20/08/2019 03:00,0
20/08/2019 03:00,0
20/08/2019 03:00,0.5
20/08/2019 03:00,0
20/08/2019 03:00,0.6
20/08/2019 03:00,0
20/08/2019 03:00,-0.116666667
20/08/2019 03:00,0
20/08/2019 03:00,-0.357142857
20/08/2019 03:00,0.4
20/08/2019 06:00,0.2
20/08/2019 06:00,-0.020833333
20/08/2019 06:00,-0.253571429
20/08/2019 06:00,0
20/08/2019 06:00,0.2
20/08/2019 06:00,0.7
20/08/2019 06:00,0
20/08/2019 06:00,0
20/08/2019 06:00,0
20/08/2019 06:00,0.7
20/08/2019 06:00,-0.1
20/08/2019 06:00,-0.8
20/08/2019 06:00,0.8
20/08/2019 06:00,0.5
20/08/2019 06:00,0.136363636
20/08/2019 06:00,0
20/08/2019 06:00,0.136363636
20/08/2019 06:00,0.5
20/08/2019 06:00,1
20/08/2019 06:00,0
20/08/2019 09:00,0.5
20/08/2019 09:00,0.136363636
20/08/2019 09:00,0.35
20/08/2019 09:00,0
20/08/2019 09:00,0
20/08/2019 09:00,0
20/08/2019 09:00,-0.155555556
20/08/2019 09:00,0.3
20/08/2019 09:00,0
20/08/2019 09:00,0
20/08/2019 09:00,-0.3125
20/08/2019 09:00,0
20/08/2019 09:00,1
20/08/2019 09:00,0
20/08/2019 09:00,0
20/08/2019 09:00,0
20/08/2019 09:00,0
20/08/2019 09:00,-0.14
20/08/2019 09:00,0
20/08/2019 09:00,-0.2
20/08/2019 12:00,-0.263888889
20/08/2019 12:00,0.05
20/08/2019 12:00,0.375
20/08/2019 12:00,0.1875
20/08/2019 12:00,0
20/08/2019 12:00,0.5
20/08/2019 12:00,0
20/08/2019 12:00,-0.410714286
20/08/2019 12:00,0
20/08/2019 12:00,0
20/08/2019 12:00,0
20/08/2019 12:00,0.471428571
20/08/2019 12:00,0
20/08/2019 12:00,0
20/08/2019 12:00,0.2
20/08/2019 12:00,0
20/08/2019 12:00,0
20/08/2019 12:00,0.2125
20/08/2019 12:00,0.174545455
20/08/2019 12:00,0.8
20/08/2019 15:00,0.295238095
20/08/2019 15:00,-0.145833333
20/08/2019 15:00,0.7
20/08/2019 15:00,-0.5
20/08/2019 15:00,0
20/08/2019 15:00,-0.333333333
20/08/2019 15:00,0
20/08/2019 15:00,0.1
20/08/2019 15:00,-1
20/08/2019 15:00,0
20/08/2019 15:00,0.225
20/08/2019 15:00,0
20/08/2019 15:00,0.25
20/08/2019 15:00,0.408333333
20/08/2019 15:00,0
20/08/2019 15:00,-0.7
20/08/2019 15:00,0.4
20/08/2019 15:00,0
20/08/2019 15:00,0
20/08/2019 15:00,0
20/08/2019 18:00,-0.125
20/08/2019 18:00,0.4
20/08/2019 18:00,0
20/08/2019 18:00,0
20/08/2019 18:00,0
20/08/2019 18:00,0
20/08/2019 18:00,0.136363636
20/08/2019 18:00,0
20/08/2019 18:00,0
20/08/2019 18:00,-0.5
20/08/2019 18:00,0.7
20/08/2019 18:00,0
20/08/2019 18:00,0
20/08/2019 18:00,0.8
20/08/2019 18:00,0
20/08/2019 18:00,0.172222222
20/08/2019 18:00,0.368181818
20/08/2019 18:00,0.116666667
20/08/2019 18:00,0.366666667
20/08/2019 18:00,0.178571429
20/08/2019 21:00,0.066666667
20/08/2019 21:00,-0.3375
20/08/2019 21:00,0
20/08/2019 21:00,0
20/08/2019 21:00,0
20/08/2019 21:00,-0.2
20/08/2019 21:00,0.2
20/08/2019 21:00,0
20/08/2019 21:00,0.2
20/08/2019 21:00,0
20/08/2019 21:00,0
20/08/2019 21:00,0.455
20/08/2019 21:00,0.5
20/08/2019 21:00,0
20/08/2019 21:00,-0.1
20/08/2019 21:00,0
20/08/2019 21:00,0
20/08/2019 21:00,0.25
20/08/2019 21:00,0.25
20/08/2019 21:00,-0.291666667
21/08/2019 00:00,0
21/08/2019 00:00,0.16
21/08/2019 00:00,0
21/08/2019 00:00,0
21/08/2019 00:00,0
21/08/2019 00:00,-0.0625
21/08/2019 00:00,-0.4
21/08/2019 00:00,0
21/08/2019 00:00,0
21/08/2019 00:00,0.1
21/08/2019 00:00,-0.75
21/08/2019 00:00,0
21/08/2019 00:00,0.7
21/08/2019 00:00,-0.025
21/08/2019 00:00,-0.166666667
21/08/2019 00:00,0
21/08/2019 00:00,-0.408333333
21/08/2019 00:00,0.5
21/08/2019 00:00,0.5
21/08/2019 00:00,0
21/08/2019 03:00,0
21/08/2019 03:00,0.7
21/08/2019 03:00,0
21/08/2019 03:00,0.2
21/08/2019 03:00,0
21/08/2019 03:00,0
21/08/2019 03:00,0.083333333
21/08/2019 03:00,0
21/08/2019 03:00,0
21/08/2019 03:00,0
21/08/2019 03:00,0
21/08/2019 03:00,0
21/08/2019 03:00,0.15
21/08/2019 03:00,0
21/08/2019 03:00,0.1125
21/08/2019 03:00,0
21/08/2019 03:00,0
21/08/2019 03:00,-0.3
21/08/2019 03:00,0
21/08/2019 03:00,0
21/08/2019 06:00,0.2
21/08/2019 06:00,0.25
21/08/2019 06:00,0
21/08/2019 06:00,1
21/08/2019 06:00,-0.3
21/08/2019 06:00,-0.155555556
21/08/2019 06:00,0
21/08/2019 06:00,0
21/08/2019 06:00,0.243333333
21/08/2019 06:00,0
21/08/2019 06:00,-0.126666667
21/08/2019 06:00,-0.25
21/08/2019 06:00,0.25
21/08/2019 06:00,0.566666667
21/08/2019 06:00,0
21/08/2019 06:00,0.2
21/08/2019 06:00,0.365340909
21/08/2019 06:00,0.6
21/08/2019 06:00,-0.005
21/08/2019 06:00,0.8
21/08/2019 09:00,0
21/08/2019 09:00,0.4
21/08/2019 09:00,0.30952381
21/08/2019 09:00,0.333333333
21/08/2019 09:00,0
21/08/2019 09:00,0.158333333
21/08/2019 09:00,0.1
21/08/2019 09:00,0.075
21/08/2019 09:00,0
21/08/2019 09:00,0
21/08/2019 09:00,0
21/08/2019 09:00,-0.1
21/08/2019 09:00,-0.1
21/08/2019 09:00,-1
21/08/2019 09:00,0.7
21/08/2019 09:00,0
21/08/2019 09:00,-0.5
21/08/2019 09:00,-0.083333333
21/08/2019 09:00,-0.15625
21/08/2019 09:00,0
21/08/2019 12:00,0
21/08/2019 12:00,0
21/08/2019 12:00,0
21/08/2019 12:00,0.25
21/08/2019 12:00,-0.1
21/08/2019 12:00,0
21/08/2019 12:00,0.2
21/08/2019 12:00,-0.8
21/08/2019 12:00,0
21/08/2019 12:00,0.136363636
21/08/2019 12:00,0.375
21/08/2019 12:00,0.5
21/08/2019 12:00,0
21/08/2019 12:00,-0.4
21/08/2019 12:00,-0.2
21/08/2019 12:00,-0.075
21/08/2019 12:00,0.8
21/08/2019 12:00,0
21/08/2019 12:00,0
21/08/2019 12:00,0
21/08/2019 15:00,0
21/08/2019 15:00,-0.1
21/08/2019 15:00,-0.05
21/08/2019 15:00,0
21/08/2019 15:00,1
21/08/2019 15:00,-0.2
21/08/2019 15:00,-0.714285714
21/08/2019 15:00,0.2
21/08/2019 15:00,0.1
21/08/2019 15:00,-0.5
21/08/2019 15:00,-0.15
21/08/2019 15:00,0.625
21/08/2019 15:00,0
21/08/2019 15:00,0.4
21/08/2019 15:00,0.4
21/08/2019 15:00,-0.3
21/08/2019 15:00,0
21/08/2019 15:00,0
21/08/2019 15:00,-0.275
21/08/2019 15:00,0
21/08/2019 18:00,-0.2
21/08/2019 18:00,0.78125
21/08/2019 18:00,0
21/08/2019 18:00,0.416666667
21/08/2019 18:00,0.1
21/08/2019 18:00,0
21/08/2019 18:00,0
21/08/2019 18:00,-0.35
21/08/2019 18:00,0.02265625
21/08/2019 18:00,0
21/08/2019 18:00,0
21/08/2019 18:00,-0.125
21/08/2019 18:00,0.5
21/08/2019 18:00,0.136363636
21/08/2019 18:00,0.5
21/08/2019 18:00,0
21/08/2019 18:00,-0.327777778
21/08/2019 18:00,-0.3125
21/08/2019 18:00,0.136363636
21/08/2019 18:00,0
21/08/2019 21:00,0
21/08/2019 21:00,-0.1875
21/08/2019 21:00,0
21/08/2019 21:00,0.35
21/08/2019 21:00,-0.375
21/08/2019 21:00,-0.3
21/08/2019 21:00,-0.5
21/08/2019 21:00,0
21/08/2019 21:00,0
21/08/2019 21:00,0
21/08/2019 21:00,0
21/08/2019 21:00,-2.22E-17
21/08/2019 21:00,0.318181818
21/08/2019 21:00,0
21/08/2019 21:00,0
21/08/2019 21:00,0
21/08/2019 21:00,0.775
21/08/2019 21:00,0
21/08/2019 21:00,0.0625
21/08/2019 21:00,0.45
22/08/2019 00:00,0.5
22/08/2019 00:00,0.24375
22/08/2019 00:00,0
22/08/2019 00:00,0
22/08/2019 00:00,0
22/08/2019 00:00,0
22/08/2019 00:00,0.2
22/08/2019 00:00,-0.15
22/08/2019 00:00,0
22/08/2019 00:00,0.190625
22/08/2019 00:00,0.2
22/08/2019 00:00,0.05
22/08/2019 00:00,0
22/08/2019 00:00,0
22/08/2019 00:00,0
22/08/2019 00:00,0
22/08/2019 00:00,0
22/08/2019 00:00,0
22/08/2019 00:00,0
22/08/2019 00:00,0.0375
22/08/2019 03:00,0
22/08/2019 03:00,0
22/08/2019 03:00,-0.2
22/08/2019 03:00,0.5
22/08/2019 03:00,0.416666667
22/08/2019 03:00,0.2
22/08/2019 03:00,-0.6
22/08/2019 03:00,-0.183333333
22/08/2019 03:00,0.3
22/08/2019 03:00,0
22/08/2019 03:00,0.416666667
22/08/2019 03:00,0.211111111
22/08/2019 03:00,0
22/08/2019 03:00,0
22/08/2019 03:00,0.318181818
22/08/2019 03:00,0
22/08/2019 03:00,0
22/08/2019 03:00,0
22/08/2019 03:00,-0.075
22/08/2019 03:00,0.6
22/08/2019 06:00,0
22/08/2019 06:00,0
22/08/2019 06:00,0.5
22/08/2019 06:00,0.05
22/08/2019 06:00,0.05
22/08/2019 06:00,0
22/08/2019 06:00,0
22/08/2019 06:00,0
22/08/2019 06:00,0
22/08/2019 06:00,0.25
22/08/2019 06:00,0.25
22/08/2019 06:00,0
22/08/2019 06:00,0
22/08/2019 06:00,-0.075
22/08/2019 06:00,0
22/08/2019 06:00,0
22/08/2019 06:00,0
22/08/2019 06:00,0
22/08/2019 06:00,0
22/08/2019 06:00,0
22/08/2019 09:00,0
22/08/2019 09:00,-0.2
22/08/2019 09:00,-0.15
22/08/2019 09:00,0
22/08/2019 09:00,-0.15625
22/08/2019 09:00,0.232142857
22/08/2019 09:00,0
22/08/2019 09:00,0
22/08/2019 09:00,0.166666667
22/08/2019 09:00,-0.5
22/08/2019 09:00,-0.5
22/08/2019 09:00,0.75
22/08/2019 09:00,0
22/08/2019 09:00,0
22/08/2019 09:00,-0.140277778
22/08/2019 09:00,-0.6
22/08/2019 09:00,-0.166666667
22/08/2019 09:00,0
22/08/2019 09:00,0.5
22/08/2019 09:00,0.15625
22/08/2019 12:00,-0.008333333
22/08/2019 12:00,0.142857143
22/08/2019 12:00,0.466666667
22/08/2019 12:00,-0.025
22/08/2019 12:00,-0.5
22/08/2019 12:00,1
22/08/2019 12:00,0
22/08/2019 12:00,-0.2
22/08/2019 12:00,0.25
22/08/2019 12:00,0
22/08/2019 12:00,0
22/08/2019 12:00,0.25
22/08/2019 12:00,-0.4
22/08/2019 12:00,0
22/08/2019 12:00,0.136363636
22/08/2019 12:00,-0.5
22/08/2019 12:00,0.25
22/08/2019 12:00,0
22/08/2019 12:00,0.3
22/08/2019 12:00,0
22/08/2019 15:00,0.333333333
22/08/2019 15:00,0
22/08/2019 15:00,0.266666667
22/08/2019 15:00,0
22/08/2019 15:00,0
22/08/2019 15:00,0
22/08/2019 15:00,0
22/08/2019 15:00,0
22/08/2019 15:00,0
22/08/2019 15:00,0
22/08/2019 15:00,-1
22/08/2019 15:00,0.5
22/08/2019 15:00,0
22/08/2019 15:00,-0.0875
22/08/2019 15:00,0.142857143
22/08/2019 15:00,0.333333333
22/08/2019 15:00,-0.247619048
22/08/2019 15:00,0.65
22/08/2019 15:00,0.025
22/08/2019 15:00,0.136363636
22/08/2019 18:00,0.2
22/08/2019 18:00,0.433333333
22/08/2019 18:00,0
22/08/2019 18:00,0
22/08/2019 18:00,0
22/08/2019 18:00,-0.066666667
22/08/2019 18:00,-0.02
22/08/2019 18:00,0
22/08/2019 18:00,-0.155555556
22/08/2019 18:00,-0.05
22/08/2019 18:00,-0.4
22/08/2019 18:00,0
22/08/2019 18:00,0.25
22/08/2019 18:00,0
22/08/2019 18:00,0
22/08/2019 18:00,-0.2
22/08/2019 18:00,0.25
22/08/2019 18:00,0.8
22/08/2019 18:00,0
22/08/2019 18:00,0
22/08/2019 21:00,0
22/08/2019 21:00,0.342857143
22/08/2019 21:00,0.027777778
22/08/2019 21:00,0
22/08/2019 21:00,0.1
22/08/2019 21:00,0.9
22/08/2019 21:00,0
22/08/2019 21:00,-0.05
22/08/2019 21:00,-0.25
22/08/2019 21:00,0
22/08/2019 21:00,0
22/08/2019 21:00,0
22/08/2019 21:00,0.4
22/08/2019 21:00,0
22/08/2019 21:00,-0.266666667
22/08/2019 21:00,0.15
22/08/2019 21:00,0
22/08/2019 21:00,0
22/08/2019 21:00,-0.6
22/08/2019 21:00,0
23/08/2019 00:00,0
23/08/2019 00:00,0
23/08/2019 00:00,-0.2
23/08/2019 00:00,0
23/08/2019 00:00,0
23/08/2019 00:00,-0.05
23/08/2019 00:00,0
23/08/2019 00:00,0
23/08/2019 00:00,0
23/08/2019 00:00,0
23/08/2019 00:00,0.0375
23/08/2019 00:00,0.1
23/08/2019 00:00,0.2
23/08/2019 00:00,0
23/08/2019 00:00,-0.4
23/08/2019 00:00,0
23/08/2019 00:00,0
23/08/2019 00:00,0
23/08/2019 00:00,-0.2
23/08/2019 00:00,-0.625
23/08/2019 03:00,0.175
23/08/2019 03:00,0
23/08/2019 03:00,-0.4
23/08/2019 03:00,0
23/08/2019 03:00,0
23/08/2019 03:00,0.5
23/08/2019 03:00,0
23/08/2019 03:00,0
23/08/2019 03:00,0
23/08/2019 03:00,-0.25
23/08/2019 03:00,0
23/08/2019 03:00,-0.155555556
23/08/2019 03:00,-0.6
23/08/2019 03:00,0
23/08/2019 03:00,-0.3
23/08/2019 03:00,0
23/08/2019 03:00,-0.2
23/08/2019 03:00,0.2
23/08/2019 03:00,0
23/08/2019 03:00,0.9
23/08/2019 06:00,0.361904762
23/08/2019 06:00,-0.75
23/08/2019 06:00,0.316666667
23/08/2019 06:00,-0.109871032
23/08/2019 06:00,0.7
23/08/2019 06:00,0
23/08/2019 06:00,0
23/08/2019 06:00,0
23/08/2019 06:00,-0.1
23/08/2019 06:00,-0.3
23/08/2019 06:00,0.1
23/08/2019 06:00,-0.25
23/08/2019 06:00,0
23/08/2019 06:00,0.433333333
23/08/2019 06:00,0
23/08/2019 06:00,0.025
23/08/2019 06:00,0
23/08/2019 06:00,0
23/08/2019 06:00,0.392857143
23/08/2019 06:00,0
23/08/2019 09:00,0
23/08/2019 09:00,0
23/08/2019 09:00,-0.264583333
23/08/2019 09:00,-0.066666667
23/08/2019 09:00,-0.046666667
23/08/2019 09:00,0
23/08/2019 09:00,0
23/08/2019 09:00,0.466666667
23/08/2019 09:00,0
23/08/2019 09:00,0.7
23/08/2019 09:00,-0.025
23/08/2019 09:00,0.25
23/08/2019 09:00,0
23/08/2019 09:00,0
23/08/2019 09:00,0.333333333
23/08/2019 09:00,0
23/08/2019 09:00,0.35
23/08/2019 09:00,0.25
23/08/2019 09:00,0.285714286
23/08/2019 12:00,0.3
23/08/2019 12:00,0
23/08/2019 12:00,0
23/08/2019 12:00,0
23/08/2019 12:00,-0.126388889
23/08/2019 12:00,0.1
23/08/2019 12:00,0.068181818
23/08/2019 12:00,0.177272727
23/08/2019 12:00,0.166666667
23/08/2019 12:00,0
23/08/2019 12:00,0.2
23/08/2019 12:00,0
23/08/2019 12:00,1
23/08/2019 12:00,0
23/08/2019 12:00,0
23/08/2019 12:00,0.4
23/08/2019 12:00,0.6
23/08/2019 12:00,0.3
23/08/2019 12:00,0
23/08/2019 12:00,0
23/08/2019 12:00,
